"STATION","NAME","LATITUDE","LONGITUDE","ELEVATION","DATE","MLY-DUTR-NORMAL","MLY-DUTR-STDDEV","MLY-PRCP-25PCTL","MLY-PRCP-50PCTL","MLY-PRCP-75PCTL","MLY-PRCP-AVGNDS-GE001HI","MLY-PRCP-AVGNDS-GE010HI","MLY-PRCP-AVGNDS-GE050HI","MLY-PRCP-AVGNDS-GE100HI","MLY-PRCP-NORMAL","MLY-SNOW-25PCTL","MLY-SNOW-50PCTL","MLY-SNOW-75PCTL","MLY-SNOW-AVGNDS-GE001TI","MLY-SNOW-AVGNDS-GE010TI","MLY-SNOW-AVGNDS-GE030TI","MLY-SNOW-AVGNDS-GE050TI","MLY-SNOW-AVGNDS-GE100TI","MLY-SNOW-NORMAL","MLY-SNWD-AVGNDS-GE001WI","MLY-SNWD-AVGNDS-GE003WI","MLY-SNWD-AVGNDS-GE005WI","MLY-SNWD-AVGNDS-GE010WI","MLY-TAVG-NORMAL","MLY-TAVG-STDDEV","MLY-TMAX-AVGNDS-GRTH040","MLY-TMAX-AVGNDS-GRTH050","MLY-TMAX-AVGNDS-GRTH060","MLY-TMAX-AVGNDS-GRTH070","MLY-TMAX-AVGNDS-GRTH080","MLY-TMAX-AVGNDS-GRTH090","MLY-TMAX-AVGNDS-GRTH100","MLY-TMAX-AVGNDS-LSTH032","MLY-TMAX-NORMAL","MLY-TMAX-STDDEV","MLY-TMIN-AVGNDS-LSTH000","MLY-TMIN-AVGNDS-LSTH010","MLY-TMIN-AVGNDS-LSTH020","MLY-TMIN-AVGNDS-LSTH032","MLY-TMIN-AVGNDS-LSTH040","MLY-TMIN-AVGNDS-LSTH050","MLY-TMIN-AVGNDS-LSTH060","MLY-TMIN-AVGNDS-LSTH070","MLY-TMIN-NORMAL","MLY-TMIN-STDDEV"
"USC00111550","CHICAGO NORTHERLY ISLAND, IL US","41.8558","-87.6094","177.7","01","12.4",,,,,,,,,,,,,,,,,,,,,,,"26.0",,"66","0.6","0","0","0","0.0","0.0","14.5","32.2",,"0.8","68","154","27.0","306","310","310","310","19.8",
"USC00111550","CHICAGO NORTHERLY ISLAND, IL US","41.8558","-87.6094","177.7","02","13.5",,,,,,,,,,,,,,,,,,,,,,,"29.7",,"85","2.6","4","0","0","0.0","0.0","7.3","36.4",,"0.6","36","82","23.4","276","278","280","280","22.9",
"USC00111550","CHICAGO NORTHERLY ISLAND, IL US","41.8558","-87.6094","177.7","03","14.9",,,,,,,,,,,,,,,,,,,,,,,"38.4",,"206","10.0","35","6","0","0.0","0.0","2.4","45.8",,"0.0","0","14","17.3","294","308","310","310","30.9",
"USC00111550","CHICAGO NORTHERLY ISLAND, IL US","41.8558","-87.6094","177.7","04","14.7",,,,,,,,,,,,,,,,,,,,,,,"49.6",,"279","21.5","108","43","2","0.0","0.0","0.0","56.9",,"0.0","0","0","2.7","106","261","298","300","42.2",
"USC00111550","CHICAGO NORTHERLY ISLAND, IL US","41.8558","-87.6094","177.7","05","16.1",,,,,,,,,,,,,,,,,,,,,,,"59.8",,"310","31.0","250","116","30","0.2","0.0","0.0","67.8",,"0.0","0","0","0.0","2","128","284","310","51.7",
"USC00111550","CHICAGO NORTHERLY ISLAND, IL US","41.8558","-87.6094","177.7","06","15.2",,,,,,,,,,,,,,,,,,,,,,,"69.5",,"300","30.0","293","238","123","1.4","0.0","0.0","77.1",,"0.0","0","0","0.0","0","9","101","269","61.9",
"USC00111550","CHICAGO NORTHERLY ISLAND, IL US","41.8558","-87.6094","177.7","07","13.9",,,,,,,,,,,,,,,,,,,,,,,"76.5",,"310","31.0","310","305","216","3.8","0.0","0.0","83.4",,"0.0","0","0","0.0","0","0","5","165","69.5",
"USC00111550","CHICAGO NORTHERLY ISLAND, IL US","41.8558","-87.6094","177.7","08","12.9",,,,,,,,,,,,,,,,,,,,,,,"75.1",,"310","31.0","310","298","185","2.3","0.0","0.0","81.5",,"0.0","0","0","0.0","0","0","10","200","68.6",
"USC00111550","CHICAGO NORTHERLY ISLAND, IL US","41.8558","-87.6094","177.7","09","13.4",,,,,,,,,,,,,,,,,,,,,,,"67.8",,"300","30.0","293","230","70","0.3","0.0","0.0","74.5",,"0.0","0","0","0.0","0","15","126","275","61.1",
"USC00111550","CHICAGO NORTHERLY ISLAND, IL US","41.8558","-87.6094","177.7","10","13.6",,,,,,,,,,,,,,,,,,,,,,,"56.0",,"310","29.3","175","77","17","0.0","0.0","0.0","62.8",,"0.0","0","0","0.2","36","178","280","310","49.2",
"USC00111550","CHICAGO NORTHERLY ISLAND, IL US","41.8558","-87.6094","177.7","11","11.7",,,,,,,,,,,,,,,,,,,,,,,"43.4",,"250","13.8","37","2","0","0.0","0.0","0.7","49.2",,"0.0","0","8","7.0","175","282","300","300","37.5",
"USC00111550","CHICAGO NORTHERLY ISLAND, IL US","41.8558","-87.6094","177.7","12","11.4",,,,,,,,,,,,,,,,,,,,,,,"30.6",,"99","1.3","2","0","0","0.0","0.0","10.1","36.3",,"0.3","19","91","24.4","297","310","310","310","24.9",
"USC00115763","MONEE RESERVOIR, IL US","41.3933","-87.765","225.6","01",,,,,,,,,,"1.35",,,,,,,,,,,,,,,,,,,,,,,,,,,,,,,,,,,
"USC00115763","MONEE RESERVOIR, IL US","41.3933","-87.765","225.6","02",,,,,,,,,,"1.74",,,,,,,,,,,,,,,,,,,,,,,,,,,,,,,,,,,
"USC00115763","MONEE RESERVOIR, IL US","41.3933","-87.765","225.6","03",,,,,,,,,,"2.59",,,,,,,,,,,,,,,,,,,,,,,,,,,,,,,,,,,
"USC00115763","MONEE RESERVOIR, IL US","41.3933","-87.765","225.6","04",,,,,,,,,,"3.56",,,,,,,,,,,,,,,,,,,,,,,,,,,,,,,,,,,
"USC00115763","MONEE RESERVOIR, IL US","41.3933","-87.765","225.6","05",,,,,,,,,,"4.43",,,,,,,,,,,,,,,,,,,,,,,,,,,,,,,,,,,
"USC00115763","MONEE RESERVOIR, IL US","41.3933","-87.765","225.6","06",,,,,,,,,,"4.37",,,,,,,,,,,,,,,,,,,,,,,,,,,,,,,,,,,
"USC00115763","MONEE RESERVOIR, IL US","41.3933","-87.765","225.6","07",,,,,,,,,,"4.57",,,,,,,,,,,,,,,,,,,,,,,,,,,,,,,,,,,
"USC00115763","MONEE RESERVOIR, IL US","41.3933","-87.765","225.6","08",,,,,,,,,,"4.53",,,,,,,,,,,,,,,,,,,,,,,,,,,,,,,,,,,
"USC00115763","MONEE RESERVOIR, IL US","41.3933","-87.765","225.6","09",,,,,,,,,,"3.30",,,,,,,,,,,,,,,,,,,,,,,,,,,,,,,,,,,
"USC00115763","MONEE RESERVOIR, IL US","41.3933","-87.765","225.6","10",,,,,,,,,,"3.40",,,,,,,,,,,,,,,,,,,,,,,,,,,,,,,,,,,
"USC00115763","MONEE RESERVOIR, IL US","41.3933","-87.765","225.6","11",,,,,,,,,,"3.31",,,,,,,,,,,,,,,,,,,,,,,,,,,,,,,,,,,
"USC00115763","MONEE RESERVOIR, IL US","41.3933","-87.765","225.6","12",,,,,,,,,,"2.45",,,,,,,,,,,,,,,,,,,,,,,,,,,,,,,,,,,
"USC00118324","STREAMWOOD, IL US","42.02556","-88.17833","249.6","01","21.3","2.4","0.98","1.48","2.33","10.5","5.3","0.9","0.2","1.71","8.6","12.3","14.6","9.0","3.8","1.0","0.5","0.0","11.9","20.8","14.0","10.2","2.0","21.3","5.6","69","1.6","4","0","0","0.0","0.0","14.9","31.9","5.2","6.2","149","229","30.5","309","310","310","310","10.6","6.2"
"USC00118324","STREAMWOOD, IL US","42.02556","-88.17833","249.6","02","22.9","2.2","0.84","1.55","2.12","8.9","4.1","0.9","0.2","1.62","2.0","2.2","7.4","6.6","2.1","0.5","0.3","0.0","6.0","14.7","10.0","5.6","0.0","25.0","5.3","99","2.8","6","1","0","0.0","0.0","8.2","36.4","5.5","3.5","107","192","27.2","280","280","280","280","13.5","5.4"
"USC00118324","STREAMWOOD, IL US","42.02556","-88.17833","249.6","03","24.9","2.4","1.25","2.18","3.32","10.8","5.4","1.0","0.3","2.30","1.9","3.5","8.2","4.3","1.6","0.5","0.2","0.0","5.1","6.0","2.9","1.8","0.1","35.3","3.6","222","11.5","57","16","2","0.0","0.0","2.3","47.7","4.3","0.3","32","128","25.5","297","307","310","310","22.8","3.2"
"USC00118324","STREAMWOOD, IL US","42.02556","-88.17833","249.6","04","28.1","3.1","2.26","2.79","4.13","12.5","7.5","2.3","0.7","3.15","0.0","0.3","1.6","1.1","0.4","0.0","0.0","0.0","0.7","0.6","0.0","0.0","0.0","46.9","3.2","286","23.8","161","73","25","0.1","0.0","0.0","61.0","4.1","0.0","0","20","13.9","237","291","299","300","32.9","2.7"
"USC00118324","STREAMWOOD, IL US","42.02556","-88.17833","249.6","05","29.7","2.3","2.29","3.98","5.30","13.2","8.3","3.0","1.1","4.31","0.0","0.0","0.0","0.0","0.0","0.0","0.0","0.0","0.0","0.0","0.0","0.0","0.0","57.8","3.5","310","30.8","273","179","80","1.7","0.0","0.0","72.6","4.0","0.0","0","0","3.2","120","255","300","310","42.9","3.4"
"USC00118324","STREAMWOOD, IL US","42.02556","-88.17833","249.6","06","29.8","2.4","2.21","3.93","5.25","11.8","7.2","2.9","0.9","3.92","0.0","0.0","0.0","0.0","0.0","0.0","0.0","0.0","0.0","0.0","0.0","0.0","0.0","68.4","2.2","300","30.0","300","276","201","7.4","0.1","0.0","83.3","2.8","0.0","0","0","0.1","11","98","231","298","53.5","2.2"
"USC00118324","STREAMWOOD, IL US","42.02556","-88.17833","249.6","07","28.1","1.8","1.85","3.12","5.52","9.3","6.1","1.8","0.6","4.29","0.0","0.0","0.0","0.0","0.0","0.0","0.0","0.0","0.0","0.0","0.0","0.0","0.0","72.6","2.4","310","31.0","310","306","263","9.7","0.2","0.0","86.7","2.9","0.0","0","0","0.0","0","27","173","300","58.6","2.3"
"USC00118324","STREAMWOOD, IL US","42.02556","-88.17833","249.6","08","27.8","1.9","3.28","4.15","5.45","10.6","6.4","3.1","1.5","4.67","0.0","0.0","0.0","0.0","0.0","0.0","0.0","0.0","0.0","0.0","0.0","0.0","0.0","71.1","3.0","310","31.0","310","304","239","6.9","0.1","0.0","85.0","3.4","0.0","0","0","0.0","1","44","209","305","57.2","3.0"
"USC00118324","STREAMWOOD, IL US","42.02556","-88.17833","249.6","09","28.9","2.4","1.76","2.36","4.89","7.9","4.9","1.8","0.9","3.60","0.0","0.0","0.0","0.0","0.0","0.0","0.0","0.0","0.0","0.0","0.0","0.0","0.0","62.4","2.5","300","29.9","291","229","122","2.0","0.0","0.0","76.8","3.3","0.0","0","0","0.5","51","185","277","300","47.9","2.1"
"USC00118324","STREAMWOOD, IL US","42.02556","-88.17833","249.6","10","27.6","2.1","1.81","2.43","4.65","10.3","5.8","2.0","0.5","3.30","0.0","0.0","0.0","0.2","0.0","0.0","0.0","0.0","0.1","0.1","0.0","0.0","0.0","50.6","2.7","308","28.3","198","95","27","0.1","0.0","0.0","64.4","3.1","0.0","0","4","9.5","201","285","308","310","36.8","2.7"
"USC00118324","STREAMWOOD, IL US","42.02556","-88.17833","249.6","11","23.3","2.2","1.48","2.42","4.54","10.5","4.8","1.3","0.6","3.03","0.0","0.5","2.7","2.3","0.6","0.1","0.0","0.0","1.8","2.1","0.4","0.0","0.0","38.2","3.9","235","14.3","63","14","0","0.0","0.0","1.9","49.8","4.5","0.0","15","78","21.6","265","298","300","300","26.5","3.6"
"USC00118324","STREAMWOOD, IL US","42.02556","-88.17833","249.6","12","20.9","2.6","1.26","1.73","2.91","12.0","5.4","0.8","0.2","2.07","3.9","7.3","11.3","8.8","3.4","0.9","0.2","0.1","8.7","15.4","9.5","4.8","1.1","25.0","5.5","96","3.2","4","0","0","0.0","0.0","11.2","35.5","5.6","3.8","110","199","29.5","306","309","310","310","14.6","5.7"
"USC00111497","CHICAGO BOTANICAL GARDEN, IL US","42.1398","-87.7854","192.0","01","15.7","1.8","1.06","1.76","2.54","9.8","5.2","1.0","0.2","1.81","5.5","11.7","15.3","6.5","3.5","1.1","0.4","-7777","11.2","19.2","13.7","8.5","1.9","23.7","5.5","60","1.4","2","0","0","0.0","0.0","15.5","31.6","5.1","3.8","99","175","28.5","309","310","310","310","15.9","6.0"
"USC00111497","CHICAGO BOTANICAL GARDEN, IL US","42.1398","-87.7854","192.0","02","16.5","2.3","0.73","1.40","2.30","7.9","4.2","0.9","0.2","1.73","2.0","6.3","14.0","5.0","2.8","1.1","0.3","-7777","7.9","14.5","10.8","7.4","1.4","27.4","5.0","91","2.4","5","1","0","0.0","0.0","9.2","35.7","4.7","1.9","62","131","25.1","276","280","280","280","19.1","5.5"
"USC00111497","CHICAGO BOTANICAL GARDEN, IL US","42.1398","-87.7854","192.0","03","17.1","2.0","1.44","2.32","3.14","10.3","5.7","1.8","0.3","2.37","1.7","4.0","8.0","3.1","1.7","0.6","0.2","0.0","5.4","6.7","3.6","2.0","0.2","36.8","3.4","198","9.4","42","14","1","0.0","0.0","3.2","45.4","3.9","0.1","10","55","21.0","284","304","310","310","28.2","3.1"
"USC00111497","CHICAGO BOTANICAL GARDEN, IL US","42.1398","-87.7854","192.0","04","18.7","2.2","2.54","3.17","4.34","12.6","7.0","2.6","0.7","3.58","0.0","0.1","0.6","0.7","0.2","-7777","-7777","0.0","0.9","0.6","0.3","0.2","0.0","47.3","3.2","281","20.1","106","46","14","0.0","0.0","0.1","56.7","3.9","0.0","0","2","6.8","197","276","293","300","37.9","2.7"
"USC00111497","CHICAGO BOTANICAL GARDEN, IL US","42.1398","-87.7854","192.0","05","20.3","1.8","2.19","3.82","4.98","12.2","7.5","2.7","0.9","4.01","0.0","0.0","0.0","-7777","0.0","0.0","0.0","0.0","-7777","0.0","0.0","0.0","0.0","57.3","3.3","310","29.9","221","122","49","0.6","0.0","0.0","67.5","3.8","0.0","0","0","0.4","61","202","285","308","47.2","3.0"
"USC00111497","CHICAGO BOTANICAL GARDEN, IL US","42.1398","-87.7854","192.0","06","20.8","1.5","2.10","3.59","4.82","10.7","6.7","2.4","0.8","3.67","0.0","0.0","0.0","0.0","0.0","0.0","0.0","0.0","0.0","0.0","0.0","0.0","0.0","67.3","2.8","300","30.0","288","232","131","3.1","0.1","0.0","77.7","3.3","0.0","0","0","0.0","2","55","196","289","57.0","2.6"
"USC00111497","CHICAGO BOTANICAL GARDEN, IL US","42.1398","-87.7854","192.0","07","19.5","1.8","2.66","3.15","4.76","9.5","6.1","2.3","1.0","3.63","0.0","0.0","0.0","0.0","0.0","0.0","0.0","0.0","0.0","0.0","0.0","0.0","0.0","72.8","2.4","310","31.0","310","296","195","4.9","0.3","0.0","82.6","2.7","0.0","0","0","0.0","0","4","96","272","63.1","2.4"
"USC00111497","CHICAGO BOTANICAL GARDEN, IL US","42.1398","-87.7854","192.0","08","19.0","1.4","2.76","3.73","5.24","9.6","6.5","3.0","1.2","4.77","0.0","0.0","0.0","0.0","0.0","0.0","0.0","0.0","0.0","0.0","0.0","0.0","0.0","71.8","2.7","310","31.0","310","295","178","3.7","0.0","0.0","81.3","2.9","0.0","0","0","0.0","0","7","110","282","62.3","2.7"
"USC00111497","CHICAGO BOTANICAL GARDEN, IL US","42.1398","-87.7854","192.0","09","20.5","2.2","1.94","3.23","4.06","9.3","5.9","2.2","1.0","3.48","0.0","0.0","0.0","0.0","0.0","0.0","0.0","0.0","0.0","0.0","0.0","0.0","0.0","64.1","2.2","300","30.0","285","208","81","1.1","0.0","0.0","74.4","2.8","0.0","0","0","0.1","15","99","224","294","53.9","2.1"
"USC00111497","CHICAGO BOTANICAL GARDEN, IL US","42.1398","-87.7854","192.0","10","20.3","2.1","1.69","2.42","4.61","10.5","5.8","1.7","0.7","3.24","0.0","0.0","0.0","0.1","0.1","0.0","0.0","0.0","0.1","0.0","0.0","0.0","0.0","52.1","2.8","309","27.8","170","70","15","0.0","0.0","0.0","62.3","3.1","0.0","0","0","3.9","135","255","304","310","41.9","2.9"
"USC00111497","CHICAGO BOTANICAL GARDEN, IL US","42.1398","-87.7854","192.0","11","16.1","2.5","1.70","2.70","4.22","10.4","5.8","2.0","0.6","3.06","0.0","0.7","1.8","1.3","0.6","0.1","-7777","0.0","1.4","1.2","0.2","0.1","0.0","40.8","3.7","235","13.5","53","8","0","0.0","0.0","1.8","48.9","4.3","0.0","3","29","13.9","231","290","300","300","32.8","3.5"
"USC00111497","CHICAGO BOTANICAL GARDEN, IL US","42.1398","-87.7854","192.0","12","15.3","2.5","1.29","2.03","2.71","10.5","5.7","1.4","0.3","2.40","2.8","4.9","9.3","5.6","2.6","0.9","0.4","0.0","6.5","10.7","6.5","3.5","1.0","28.0","5.5","102","2.9","6","-7777","0","0.0","0.0","10.2","35.7","5.3","1.6","63","135","26.2","303","308","310","310","20.4","5.9"
"USC00117457","ROMEOVILLE LEWIS UNIVERSITY AIRPORT, IL US","41.6041","-88.085","195.1","01","14.8","1.9","1.03","1.59","2.81","10.2","5.3","1.6","0.4","1.93","5.7","10.0","13.8","7.3","3.8","1.0","0.5","0.1","10.8","17.7","11.6","6.2","1.5","23.2","5.6","60","1.3","1","0","0","0.0","0.0","17.1","30.6","5.2","3.5","102","180","28.6","308","309","310","310","15.8","6.2"
"USC00117457","ROMEOVILLE LEWIS UNIVERSITY AIRPORT, IL US","41.6041","-88.085","195.1","02","15.7","2.1","0.98","1.39","2.39","8.4","4.0","0.9","0.2","1.78","1.5","3.5","5.7","5.2","1.7","0.7","0.3","0.0","6.4","9.8","6.5","2.0","0.1","27.6","5.2","92","2.5","5","0","0","0.0","0.0","10.5","35.5","5.3","1.5","55","131","25.2","276","280","280","280","19.7","5.4"
"USC00117457","ROMEOVILLE LEWIS UNIVERSITY AIRPORT, IL US","41.6041","-88.085","195.1","03","18.3","2.0","1.54","2.02","4.15","11.4","6.2","2.2","0.5","2.77","1.1","2.4","6.5","3.4","1.2","0.5","0.2","0.0","4.4","3.2","1.7","1.1","0.0","38.6","3.4","225","11.6","62","13","0","0.0","0.0","2.5","47.8","3.8","0.2","5","41","20.2","268","302","308","310","29.5","3.2"
"USC00117457","ROMEOVILLE LEWIS UNIVERSITY AIRPORT, IL US","41.6041","-88.085","195.1","04","21.2","1.9","2.67","3.47","4.93","11.5","7.2","2.5","1.2","3.96","0.0","0.0","1.0","0.5","0.3","0.0","0.0","0.0","0.5","0.1","0.1","0.0","0.0","50.2","3.1","287","24.7","158","73","10","0.0","0.0","0.0","60.8","3.7","0.0","0","2","5.6","156","269","298","300","39.6","2.8"
"USC00117457","ROMEOVILLE LEWIS UNIVERSITY AIRPORT, IL US","41.6041","-88.085","195.1","05","21.2","2.1","2.90","4.40","5.63","12.8","7.7","3.1","1.3","4.26","0.0","0.0","0.0","0.0","0.0","0.0","0.0","0.0","0.0","0.0","0.0","0.0","0.0","60.5","3.6","310","30.4","267","162","62","0.8","0.0","0.0","71.1","4.0","0.0","0","0","0.2","30","169","271","308","49.9","3.4"
"USC00117457","ROMEOVILLE LEWIS UNIVERSITY AIRPORT, IL US","41.6041","-88.085","195.1","06","20.6","1.5","2.99","3.99","5.65","11.3","7.6","3.2","1.3","4.34","0.0","0.0","0.0","0.0","0.0","0.0","0.0","0.0","0.0","0.0","0.0","0.0","0.0","69.9","2.2","300","30.0","299","263","168","2.9","0.0","0.0","80.2","2.5","0.0","0","0","0.0","1","22","147","285","59.6","2.2"
"USC00117457","ROMEOVILLE LEWIS UNIVERSITY AIRPORT, IL US","41.6041","-88.085","195.1","07","19.9","1.5","2.51","3.84","6.43","9.8","6.9","3.2","0.9","4.71","0.0","0.0","0.0","0.0","0.0","0.0","0.0","0.0","0.0","0.0","0.0","0.0","0.0","74.0","2.3","310","31.0","310","306","242","3.9","0.1","0.0","84.0","2.7","0.0","0","0","0.0","0","0","76","275","64.1","2.1"
"USC00117457","ROMEOVILLE LEWIS UNIVERSITY AIRPORT, IL US","41.6041","-88.085","195.1","08","19.3","1.3","2.72","3.63","4.96","9.9","7.4","3.5","1.4","4.07","0.0","0.0","0.0","0.0","0.0","0.0","0.0","0.0","0.0","0.0","0.0","0.0","0.0","72.3","3.0","310","31.0","310","302","207","2.0","0.0","0.0","82.0","3.1","0.0","0","0","0.0","0","3","91","278","62.7","3.1"
"USC00117457","ROMEOVILLE LEWIS UNIVERSITY AIRPORT, IL US","41.6041","-88.085","195.1","09","21.0","2.0","2.04","2.48","3.95","7.5","4.8","1.9","0.9","3.13","0.0","0.0","0.0","0.0","0.0","0.0","0.0","0.0","0.0","0.0","0.0","0.0","0.0","65.1","2.4","300","30.0","292","229","94","0.8","0.0","0.0","75.6","2.8","0.0","0","0","0.0","10","84","225","296","54.6","2.2"
"USC00117457","ROMEOVILLE LEWIS UNIVERSITY AIRPORT, IL US","41.6041","-88.085","195.1","10","19.9","2.2","2.15","2.99","3.97","10.0","5.9","1.9","0.9","3.41","0.0","0.0","0.0","0.0","0.0","0.0","0.0","0.0","0.0","0.0","0.0","0.0","0.0","52.9","2.9","309","27.6","179","78","19","0.0","0.0","0.0","62.9","3.4","0.0","0","0","3.4","119","245","299","310","43.0","2.8"
"USC00117457","ROMEOVILLE LEWIS UNIVERSITY AIRPORT, IL US","41.6041","-88.085","195.1","11","15.9","2.8","1.61","2.76","5.39","9.7","4.9","1.4","0.6","3.46","0.0","0.1","0.7","1.2","0.2","0.1","0.0","0.0","0.9","0.6","0.1","0.0","0.0","40.6","3.9","228","13.0","47","8","0","0.0","0.0","1.9","48.5","4.6","0.0","1","31","13.8","235","291","300","300","32.7","3.7"
"USC00117457","ROMEOVILLE LEWIS UNIVERSITY AIRPORT, IL US","41.6041","-88.085","195.1","12","14.7","2.1","1.30","1.84","2.85","10.9","5.5","1.4","0.4","2.25","2.4","5.1","15.7","7.8","3.2","0.9","0.4","0.1","9.3","11.4","6.3","2.9","1.0","27.4","5.7","92","3.0","4","0","0","0.0","0.0","12.9","34.7","5.5","1.6","74","143","26.6","299","308","310","310","20.0","6.1"
"USC00114816","LA GRANGE, IL US","41.79528","-87.87083","200.9","01",,,,,,,,,,"1.94",,,,,,,,,,,,,,,,,,,,,,,,,,,,,,,,,,,
"USC00114816","LA GRANGE, IL US","41.79528","-87.87083","200.9","02",,,,,,,,,,"1.93",,,,,,,,,,,,,,,,,,,,,,,,,,,,,,,,,,,
"USC00114816","LA GRANGE, IL US","41.79528","-87.87083","200.9","03",,,,,,,,,,"2.54",,,,,,,,,,,,,,,,,,,,,,,,,,,,,,,,,,,
"USC00114816","LA GRANGE, IL US","41.79528","-87.87083","200.9","04",,,,,,,,,,"3.72",,,,,,,,,,,,,,,,,,,,,,,,,,,,,,,,,,,
"USC00114816","LA GRANGE, IL US","41.79528","-87.87083","200.9","05",,,,,,,,,,"4.21",,,,,,,,,,,,,,,,,,,,,,,,,,,,,,,,,,,
"USC00114816","LA GRANGE, IL US","41.79528","-87.87083","200.9","06",,,,,,,,,,"4.11",,,,,,,,,,,,,,,,,,,,,,,,,,,,,,,,,,,
"USC00114816","LA GRANGE, IL US","41.79528","-87.87083","200.9","07",,,,,,,,,,"2.92",,,,,,,,,,,,,,,,,,,,,,,,,,,,,,,,,,,
"USC00114816","LA GRANGE, IL US","41.79528","-87.87083","200.9","08",,,,,,,,,,"4.55",,,,,,,,,,,,,,,,,,,,,,,,,,,,,,,,,,,
"USC00114816","LA GRANGE, IL US","41.79528","-87.87083","200.9","09",,,,,,,,,,"3.34",,,,,,,,,,,,,,,,,,,,,,,,,,,,,,,,,,,
"USC00114816","LA GRANGE, IL US","41.79528","-87.87083","200.9","10",,,,,,,,,,"3.26",,,,,,,,,,,,,,,,,,,,,,,,,,,,,,,,,,,
"USC00114816","LA GRANGE, IL US","41.79528","-87.87083","200.9","11",,,,,,,,,,"3.45",,,,,,,,,,,,,,,,,,,,,,,,,,,,,,,,,,,
"USC00114816","LA GRANGE, IL US","41.79528","-87.87083","200.9","12",,,,,,,,,,"2.76",,,,,,,,,,,,,,,,,,,,,,,,,,,,,,,,,,,
"USW00014819","CHICAGO MIDWAY AIRPORT, IL US","41.78611","-87.75222","186.5","01","13.3","2.1","1.15","1.73","2.95","10.7","5.0","1.2","0.2","2.06","4.8","11.6","15.9","8.1","3.7","1.0","0.4","-7777","11.5","18.9","11.4","6.4","1.2","24.8","5.5","65","1.4","1","0","0","0.0","0.0","15.9","31.5","5.1","3.0","76","154","27.1","308","310","310","310","18.2","6.0"
"USW00014819","CHICAGO MIDWAY AIRPORT, IL US","41.78611","-87.75222","186.5","02","14.0","1.8","1.03","1.54","2.61","8.8","4.5","1.1","0.2","1.94","3.0","7.2","14.1","5.5","2.8","0.9","0.3","0.0","9.1","12.9","8.2","5.4","0.8","28.7","5.1","92","2.9","5","1","0","0.0","0.0","10.2","35.8","5.0","1.1","44","109","23.2","274","280","280","280","21.7","5.3"
"USW00014819","CHICAGO MIDWAY AIRPORT, IL US","41.78611","-87.75222","186.5","03","15.9","1.9","1.61","2.26","3.55","11.2","6.1","1.7","0.3","2.72","1.9","3.9","8.3","3.8","1.5","0.5","0.3","-7777","5.4","4.6","2.3","1.4","0.2","38.8","3.3","214","10.6","50","15","1","0.0","0.0","2.8","46.8","3.8","-7777","5","36","17.2","268","301","308","310","30.9","3.0"
"USW00014819","CHICAGO MIDWAY AIRPORT, IL US","41.78611","-87.75222","186.5","04","17.5","1.9","2.11","3.44","4.69","11.1","7.1","2.5","0.9","3.64","0.0","0.0","1.7","0.7","0.3","-7777","-7777","0.0","1.0","0.5","0.2","0.1","-7777","50.4","3.0","288","23.5","134","55","13","0.0","0.0","-7777","59.2","3.6","0.0","0","1","3.3","130","258","290","300","41.7","2.7"
"USW00014819","CHICAGO MIDWAY AIRPORT, IL US","41.78611","-87.75222","186.5","05","18.6","1.6","2.49","4.30","5.56","11.4","7.6","2.8","1.0","4.13","0.0","0.0","0.0","-7777","0.0","0.0","0.0","0.0","-7777","0.0","0.0","0.0","0.0","60.9","3.6","310","30.5","254","152","62","0.6","0.0","0.0","70.2","4.0","0.0","0","0","0.1","19","146","260","304","51.6","3.4"
"USW00014819","CHICAGO MIDWAY AIRPORT, IL US","41.78611","-87.75222","186.5","06","17.8","1.2","2.76","3.86","4.89","10.3","6.5","2.7","1.3","4.06","0.0","0.0","0.0","0.0","0.0","0.0","0.0","0.0","0.0","0.0","0.0","0.0","0.0","71.0","2.5","300","30.0","297","258","159","3.1","0.1","0.0","79.9","2.6","0.0","0","0","0.0","-7777","13","113","258","62.1","2.5"
"USW00014819","CHICAGO MIDWAY AIRPORT, IL US","41.78611","-87.75222","186.5","07","16.7","1.5","2.07","4.10","4.54","9.9","6.5","2.8","1.0","4.01","0.0","0.0","0.0","0.0","0.0","0.0","0.0","0.0","0.0","0.0","0.0","0.0","0.0","75.9","2.7","310","31.0","310","302","227","6.3","0.3","0.0","84.2","3.0","0.0","0","0","0.0","0","-7777","24","207","67.5","2.5"
"USW00014819","CHICAGO MIDWAY AIRPORT, IL US","41.78611","-87.75222","186.5","08","15.9","1.3","2.26","3.63","5.64","9.0","6.3","2.7","1.3","3.99","0.0","0.0","0.0","0.0","0.0","0.0","0.0","0.0","0.0","0.0","0.0","0.0","0.0","74.1","2.8","310","31.0","310","299","194","3.8","0.1","0.0","82.1","3.0","0.0","0","0","0.0","0","2","44","233","66.2","2.8"
"USW00014819","CHICAGO MIDWAY AIRPORT, IL US","41.78611","-87.75222","186.5","09","17.8","1.7","1.58","2.73","4.61","8.2","5.3","2.1","0.7","3.31","0.0","0.0","0.0","0.0","0.0","0.0","0.0","0.0","0.0","0.0","0.0","0.0","0.0","66.4","2.3","300","30.0","287","212","98","1.2","0.0","0.0","75.3","2.7","0.0","0","0","0.0","4","50","181","287","57.5","2.2"
"USW00014819","CHICAGO MIDWAY AIRPORT, IL US","41.78611","-87.75222","186.5","10","17.1","1.9","1.94","2.52","3.66","10.2","6.1","2.2","0.8","3.24","0.0","0.0","0.0","0.1","-7777","0.0","0.0","0.0","0.1","-7777","0.0","0.0","0.0","54.2","2.7","308","28.1","181","78","17","-7777","0.0","0.0","62.8","3.1","0.0","0","0","1.1","82","218","294","309","45.7","2.7"
"USW00014819","CHICAGO MIDWAY AIRPORT, IL US","41.78611","-87.75222","186.5","11","14.1","2.1","1.89","2.72","5.24","11.2","6.2","2.2","0.8","3.42","0.1","0.7","2.5","1.8","0.5","-7777","0.0","0.0","1.3","0.9","0.1","0.0","0.0","41.5","4.1","226","13.1","51","10","0","0.0","0.0","1.9","48.6","4.5","0.0","-7777","21","12.0","218","282","300","300","34.5","3.9"
"USW00014819","CHICAGO MIDWAY AIRPORT, IL US","41.78611","-87.75222","186.5","12","12.6","1.9","1.48","2.39","3.13","11.1","5.3","1.4","0.5","2.57","2.6","6.6","14.9","6.7","2.6","0.8","0.3","0.1","8.7","10.5","5.0","2.7","0.8","29.0","5.6","94","2.9","6","0","0","0.0","0.0","10.8","35.3","5.5","1.1","47","115","24.3","295","308","310","310","22.7","5.9"
"USC00116616","PARK FOREST, IL US","41.4947","-87.6802","216.4","01","15.0","2.0","1.28","1.71","2.57","9.8","4.9","1.1","0.3","1.99","4.5","8.9","13.7","5.7","4.0","0.9","0.3","0.0","8.4","19.4","12.5","6.6","0.8","23.1","5.5","57","1.5","1","0","0","0.0","0.0","17.0","30.6","5.1","4.2","99","179","28.4","308","310","310","310","15.6","6.1"
"USC00116616","PARK FOREST, IL US","41.4947","-87.6802","216.4","02","16.0","2.0","1.19","1.47","2.54","8.7","4.4","1.0","0.2","1.85","2.5","6.2","12.8","4.5","3.0","0.9","0.2","0.0","7.9","13.1","8.1","4.6","1.1","27.0","5.0","85","2.5","5","1","0","0.0","0.0","10.2","35.0","4.9","2.0","62","135","25.3","276","280","280","280","19.0","5.3"
"USC00116616","PARK FOREST, IL US","41.4947","-87.6802","216.4","03","17.2","1.9","1.44","2.14","3.78","10.8","6.1","1.4","0.4","2.61","1.0","2.8","7.5","2.6","1.7","0.6","0.2","0.0","4.4","4.9","2.8","1.7","0.2","37.7","3.5","210","10.3","52","13","1","0.0","0.0","3.3","46.3","4.1","0.1","7","53","19.7","276","302","308","310","29.1","3.2"
"USC00116616","PARK FOREST, IL US","41.4947","-87.6802","216.4","04","19.6","2.0","2.40","3.61","4.92","11.8","7.3","2.8","0.8","3.77","0.0","0.0","0.7","0.4","0.3","-7777","-7777","0.0","0.7","0.4","0.1","-7777","0.0","49.6","3.3","289","23.2","139","63","16","0.0","0.0","0.1","59.4","3.9","0.0","0","2","5.3","161","267","293","300","39.8","2.9"
"USC00116616","PARK FOREST, IL US","41.4947","-87.6802","216.4","05","20.2","1.8","3.29","4.04","5.81","11.9","7.6","2.8","1.1","4.47","0.0","0.0","0.0","0.0","0.0","0.0","0.0","0.0","0.0","0.0","0.0","0.0","0.0","60.1","3.7","310","30.2","256","155","60","0.7","0.0","0.0","70.2","4.1","0.0","0","0","0.2","37","169","266","308","50.0","3.5"
"USC00116616","PARK FOREST, IL US","41.4947","-87.6802","216.4","06","20.1","1.6","2.93","3.85","5.99","9.7","6.4","3.1","1.3","4.56","0.0","0.0","0.0","0.0","0.0","0.0","0.0","0.0","0.0","0.0","0.0","0.0","0.0","70.1","2.5","300","30.0","295","262","167","3.1","0.1","0.0","80.1","2.6","0.0","0","0","0.0","2","28","146","275","60.0","2.6"
"USC00116616","PARK FOREST, IL US","41.4947","-87.6802","216.4","07","18.9","1.7","2.98","4.48","5.37","9.3","6.5","2.9","1.2","4.55","0.0","0.0","0.0","0.0","0.0","0.0","0.0","0.0","0.0","0.0","0.0","0.0","0.0","74.4","2.2","310","31.0","310","303","230","4.9","0.3","0.0","83.9","2.5","0.0","0","0","0.0","0","1","59","250","65.0","2.2"
"USC00116616","PARK FOREST, IL US","41.4947","-87.6802","216.4","08","18.8","1.3","2.11","3.62","5.94","8.9","5.7","2.6","1.5","4.50","0.0","0.0","0.0","0.0","0.0","0.0","0.0","0.0","0.0","0.0","0.0","0.0","0.0","72.5","2.8","310","31.0","310","299","192","3.1","-7777","0.0","81.9","2.9","0.0","0","0","0.0","-7777","7","93","269","63.1","2.8"
"USC00116616","PARK FOREST, IL US","41.4947","-87.6802","216.4","09","20.4","1.8","1.79","2.64","3.53","8.9","5.7","2.0","0.7","3.18","0.0","0.0","0.0","0.0","0.0","0.0","0.0","0.0","0.0","0.0","0.0","0.0","0.0","65.0","2.4","300","30.0","287","217","97","1.1","0.0","0.0","75.2","2.9","0.0","0","0","0.1","13","87","215","292","54.8","2.2"
"USC00116616","PARK FOREST, IL US","41.4947","-87.6802","216.4","10","20.2","1.8","2.03","2.75","3.84","10.2","6.4","2.1","0.8","3.35","0.0","0.0","0.0","0.1","0.1","-7777","0.0","0.0","0.2","0.1","0.0","0.0","0.0","52.9","2.8","307","27.6","185","85","19","0.0","0.0","0.0","63.0","3.2","0.0","0","1","3.1","121","240","302","310","42.9","2.7"
"USC00116616","PARK FOREST, IL US","41.4947","-87.6802","216.4","11","15.8","2.3","2.26","2.64","4.95","10.9","6.1","2.4","0.9","3.58","0.0","0.0","0.8","0.8","0.3","-7777","0.0","0.0","0.6","1.1","0.1","0.0","0.0","40.4","3.9","226","13.0","51","9","0","0.0","0.0","2.5","48.3","4.5","0.0","1","32","14.7","235","289","300","300","32.4","3.7"
"USC00116616","PARK FOREST, IL US","41.4947","-87.6802","216.4","12","14.6","2.3","1.70","2.50","3.09","11.2","5.7","1.5","0.3","2.62","2.4","5.9","7.5","4.4","2.8","0.6","0.2","0.0","5.6","11.2","5.4","2.6","0.6","27.6","5.7","95","2.9","6","0","0","0.0","0.0","11.2","34.9","5.6","1.8","62","138","26.5","302","308","310","310","20.3","6.1"
"USW00014855","GLENVIEW NAS, IL US","42.08333","-87.83333","196.9","01","14.4","2.5","1.08","1.55","2.44","10.1","4.9","0.7","0.1","1.80","3.8","7.4","12.8","7.0","3.4","0.8","0.3","0.1","11.9","18.2","11.2","6.4","2.0","24.9","5.8","74","1.1","1","0","0","0.0","0.0","14.1","32.1","5.6","3.5","81","164","27.1","307","310","310","310","17.7","6.3"
"USW00014855","GLENVIEW NAS, IL US","42.08333","-87.83333","196.9","02","15.1","2.3","1.12","1.73","3.19","8.1","4.5","1.1","0.3","2.12","2.4","7.6","16.7","5.0","2.7","1.0","0.6","0.1","11.1","13.3","9.3","5.7","1.9","28.9","5.1","102","2.7","2","0","0","0.0","0.0","9.2","36.4","5.1","1.3","51","118","23.5","277","280","280","280","21.3","5.3"
"USW00014855","GLENVIEW NAS, IL US","42.08333","-87.83333","196.9","03","17.8","2.1","1.25","2.40","3.44","10.8","5.7","1.7","0.4","2.32","1.3","3.0","10.9","3.7","1.9","0.5","0.4","0.0","5.8","6.4","3.0","1.6","0.4","38.0","3.5","215","10.9","46","16","3","0.0","0.0","3.1","46.9","3.9","0.0","9","41","19.9","276","301","309","310","29.1","3.4"
"USW00014855","GLENVIEW NAS, IL US","42.08333","-87.83333","196.9","04","19.5","2.4","2.38","2.97","4.21","11.9","7.1","2.1","0.8","3.35","0.0","0.1","1.2","0.9","0.3","0.1","0.0","0.0","0.6","0.6","0.4","0.4","0.0","49.1","2.9","290","23.0","133","52","16","0.0","0.0","0.1","58.9","3.8","0.0","0","3","5.2","170","272","289","300","39.3","2.2"
"USW00014855","GLENVIEW NAS, IL US","42.08333","-87.83333","196.9","05","20.8","1.8","2.76","3.71","4.77","11.6","6.4","2.1","0.6","3.91","0.0","0.0","0.0","0.1","0.1","0.0","0.0","0.0","0.1","0.1","0.0","0.0","0.0","59.3","3.4","309","30.0","248","148","61","0.8","0.0","0.0","69.8","3.8","0.0","0","0","0.1","42","182","271","307","48.9","3.2"
"USW00014855","GLENVIEW NAS, IL US","42.08333","-87.83333","196.9","06","20.2","1.8","2.20","3.26","4.94","9.6","5.7","2.3","1.0","3.56","0.0","0.0","0.0","0.0","0.0","0.0","0.0","0.0","0.0","0.0","0.0","0.0","0.0","69.0","2.3","300","30.0","293","254","143","2.9","0.2","0.0","79.1","2.9","0.0","0","0","0.0","1","35","163","282","58.8","2.0"
"USW00014855","GLENVIEW NAS, IL US","42.08333","-87.83333","196.9","07","18.7","2.1","2.43","3.41","5.24","10.9","6.3","2.6","1.1","4.04","0.0","0.0","0.0","0.0","0.0","0.0","0.0","0.0","0.0","0.0","0.0","0.0","0.0","74.1","2.7","310","31.0","310","296","207","6.4","0.4","0.0","83.4","3.2","0.0","0","0","0.0","0","1","62","261","64.7","2.5"
"USW00014855","GLENVIEW NAS, IL US","42.08333","-87.83333","196.9","08","18.0","1.7","2.80","3.90","5.91","10.4","6.6","3.1","1.2","4.56","0.0","0.0","0.0","0.0","0.0","0.0","0.0","0.0","0.0","0.0","0.0","0.0","0.0","73.2","2.9","310","31.0","310","294","190","4.4","0.3","0.0","82.2","3.2","0.0","0","0","0.0","0","4","86","260","64.2","2.8"
"USW00014855","GLENVIEW NAS, IL US","42.08333","-87.83333","196.9","09","19.1","2.0","1.77","3.07","4.59","11.3","6.8","2.2","0.9","3.63","0.0","0.0","0.0","0.0","0.0","0.0","0.0","0.0","0.0","0.0","0.0","0.0","0.0","65.5","2.2","300","30.0","287","211","95","1.8","0.0","0.0","75.1","2.8","0.0","0","0","0.0","8","74","196","291","55.9","2.0"
"USW00014855","GLENVIEW NAS, IL US","42.08333","-87.83333","196.9","10","18.6","2.3","1.54","2.39","4.22","10.1","5.9","1.8","0.7","3.03","0.0","0.0","0.0","0.1","0.0","0.0","0.0","0.0","-7777","0.1","0.0","0.0","0.0","53.4","2.6","308","28.5","185","74","9","0.0","0.0","0.0","62.7","2.9","0.0","0","0","2.6","107","229","298","310","44.0","2.7"
"USW00014855","GLENVIEW NAS, IL US","42.08333","-87.83333","196.9","11","15.7","2.4","2.07","2.79","3.85","12.3","7.6","2.7","0.8","3.15","0.2","1.7","3.9","1.8","0.8","0.2","0.0","0.0","2.3","1.3","0.0","0.0","0.0","41.2","3.6","237","14.1","47","7","0","0.0","0.0","1.3","49.1","4.3","0.0","1","26","12.5","237","290","300","300","33.4","3.3"
"USW00014855","GLENVIEW NAS, IL US","42.08333","-87.83333","196.9","12","14.2","2.2","1.52","2.20","2.78","11.3","5.4","1.4","0.4","2.38","2.3","5.5","8.0","5.5","2.2","0.7","0.1","0.1","6.4","7.3","3.2","1.5","0.3","29.0","5.3","109","2.4","7","0","0","0.0","0.0","9.8","36.1","5.2","1.7","58","118","24.6","301","309","310","310","21.9","5.6"
"USC00113490","GLEN ELLYN 4 S, IL US","41.8266","-88.058","208.8","01",,,,,,,,,,"1.87",,,,,,,,,,,,,,,,,,,,,,,,,,,,,,,,,,,
"USC00113490","GLEN ELLYN 4 S, IL US","41.8266","-88.058","208.8","02",,,,,,,,,,"1.89",,,,,,,,,,,,,,,,,,,,,,,,,,,,,,,,,,,
"USC00113490","GLEN ELLYN 4 S, IL US","41.8266","-88.058","208.8","03",,,,,,,,,,"2.48",,,,,,,,,,,,,,,,,,,,,,,,,,,,,,,,,,,
"USC00113490","GLEN ELLYN 4 S, IL US","41.8266","-88.058","208.8","04",,,,,,,,,,"3.44",,,,,,,,,,,,,,,,,,,,,,,,,,,,,,,,,,,
"USC00113490","GLEN ELLYN 4 S, IL US","41.8266","-88.058","208.8","05",,,,,,,,,,"4.41",,,,,,,,,,,,,,,,,,,,,,,,,,,,,,,,,,,
"USC00113490","GLEN ELLYN 4 S, IL US","41.8266","-88.058","208.8","06",,,,,,,,,,"4.06",,,,,,,,,,,,,,,,,,,,,,,,,,,,,,,,,,,
"USC00113490","GLEN ELLYN 4 S, IL US","41.8266","-88.058","208.8","07",,,,,,,,,,"4.23",,,,,,,,,,,,,,,,,,,,,,,,,,,,,,,,,,,
"USC00113490","GLEN ELLYN 4 S, IL US","41.8266","-88.058","208.8","08",,,,,,,,,,"4.18",,,,,,,,,,,,,,,,,,,,,,,,,,,,,,,,,,,
"USC00113490","GLEN ELLYN 4 S, IL US","41.8266","-88.058","208.8","09",,,,,,,,,,"3.43",,,,,,,,,,,,,,,,,,,,,,,,,,,,,,,,,,,
"USC00113490","GLEN ELLYN 4 S, IL US","41.8266","-88.058","208.8","10",,,,,,,,,,"3.12",,,,,,,,,,,,,,,,,,,,,,,,,,,,,,,,,,,
"USC00113490","GLEN ELLYN 4 S, IL US","41.8266","-88.058","208.8","11",,,,,,,,,,"3.32",,,,,,,,,,,,,,,,,,,,,,,,,,,,,,,,,,,
"USC00113490","GLEN ELLYN 4 S, IL US","41.8266","-88.058","208.8","12",,,,,,,,,,"2.33",,,,,,,,,,,,,,,,,,,,,,,,,,,,,,,,,,,
"USC00115097","LISLE MORTON ARBORETUM, IL US","41.8127","-88.0727","207.3","01","16.0",,,,,,,,,"1.87",,,,,,,,,,,,,,"22.7",,"53","1.7","0","0","0","0.0","0.0","18.0","30.7",,"3.7","125","199","27.3","307","310","310","310","14.7",
"USC00115097","LISLE MORTON ARBORETUM, IL US","41.8127","-88.0727","207.3","02","18.6",,,,,,,,,"1.85",,,,,,,,,,,,,,"26.2",,"70","2.7","3","0","0","0.0","0.0","10.0","35.5",,"0.7","60","183","26.0","277","280","280","280","16.9",
"USC00115097","LISLE MORTON ARBORETUM, IL US","41.8127","-88.0727","207.3","03","20.8",,,,,,,,,"2.46",,,,,,,,,,,,,,"36.5",,"233","12.0","37","0","0","0.0","0.0","3.3","46.9",,"0.0","0","73","22.7","310","310","310","310","26.1",
"USC00115097","LISLE MORTON ARBORETUM, IL US","41.8127","-88.0727","207.3","04","22.6",,,,,,,,,"3.60",,,,,,,,,,,,,,"48.3",,"290","24.2","158","56","8","0.0","0.0","0.0","59.6",,"0.0","0","8","8.6","198","287","300","300","37.0",
"USC00115097","LISLE MORTON ARBORETUM, IL US","41.8127","-88.0727","207.3","05","22.5",,,,,,,,,"4.04",,,,,,,,,,,,,,"58.5",,"310","30.8","278","148","45","0.0","0.0","0.0","69.7",,"0.0","0","0","0.3","45","198","300","310","47.2",
"USC00115097","LISLE MORTON ARBORETUM, IL US","41.8127","-88.0727","207.3","06","22.1",,,,,,,,,"4.22",,,,,,,,,,,,,,"69.1",,"300","30.0","300","287","154","1.8","0.0","0.0","80.1",,"0.0","0","0","0.0","0","40","182","292","58.0",
"USC00115097","LISLE MORTON ARBORETUM, IL US","41.8127","-88.0727","207.3","07","22.1",,,,,,,,,"3.70",,,,,,,,,,,,,,"72.8",,"310","31.0","310","307","243","2.8","0.0","0.0","83.8",,"0.0","0","0","0.0","0","13","106","289","61.7",
"USC00115097","LISLE MORTON ARBORETUM, IL US","41.8127","-88.0727","207.3","08","21.2",,,,,,,,,"4.27",,,,,,,,,,,,,,"70.6",,"310","31.0","310","287","197","2.0","0.0","0.0","81.2",,"0.0","0","0","0.0","0","23","146","302","60.0",
"USC00115097","LISLE MORTON ARBORETUM, IL US","41.8127","-88.0727","207.3","09","23.9",,,,,,,,,"3.51",,,,,,,,,,,,,,"62.9",,"300","30.0","293","228","78","0.5","0.0","0.0","74.8",,"0.0","0","0","0.0","13","153","268","295","50.9",
"USC00115097","LISLE MORTON ARBORETUM, IL US","41.8127","-88.0727","207.3","10","23.2",,,,,,,,,"3.08",,,,,,,,,,,,,,"50.9",,"307","27.7","164","76","28","0.0","0.0","0.0","62.5",,"0.0","0","0","6.8","176","270","307","310","39.3",
"USC00115097","LISLE MORTON ARBORETUM, IL US","41.8127","-88.0727","207.3","11","19.9",,,,,,,,,"3.33",,,,,,,,,,,,,,"38.6",,"258","11.5","43","0","0","0.0","0.0","0.8","48.5",,"0.0","0","42","21.4","269","295","300","300","28.6",
"USC00115097","LISLE MORTON ARBORETUM, IL US","41.8127","-88.0727","207.3","12","16.3",,,,,,,,,"2.59",,,,,,,,,,,,,,"27.0",,"87","1.0","0","0","0","0.0","0.0","9.5","35.1",,"1.0","63","167","28.9","310","310","310","310","18.8",
"USC00121940","CROWN POINT 1 N, IN US","41.4388","-87.3545","212.1","01",,,"0.91","2.10","3.46","9.0","6.2","1.5","0.3","2.26",,,,,,,,,,,,,,,,,,,,,,,,,,,,,,,,,,,
"USC00121940","CROWN POINT 1 N, IN US","41.4388","-87.3545","212.1","02",,,"1.04","1.38","2.55","7.0","4.7","1.2","0.5","1.74",,,,,,,,,,,,,,,,,,,,,,,,,,,,,,,,,,,
"USC00121940","CROWN POINT 1 N, IN US","41.4388","-87.3545","212.1","03",,,"1.34","2.15","3.44","9.0","6.1","1.5","0.3","2.32",,,,,,,,,,,,,,,,,,,,,,,,,,,,,,,,,,,
"USC00121940","CROWN POINT 1 N, IN US","41.4388","-87.3545","212.1","04",,,"1.79","3.47","4.43","9.1","6.2","2.3","1.0","3.46",,,,,,,,,,,,,,,,,,,,,,,,,,,,,,,,,,,
"USC00121940","CROWN POINT 1 N, IN US","41.4388","-87.3545","212.1","05",,,"2.69","4.13","5.59","10.4","7.9","2.4","1.0","4.24",,,,,,,,,,,,,,,,,,,,,,,,,,,,,,,,,,,
"USC00121940","CROWN POINT 1 N, IN US","41.4388","-87.3545","212.1","06",,,"2.78","3.56","5.02","8.8","6.3","2.7","1.0","3.87",,,,,,,,,,,,,,,,,,,,,,,,,,,,,,,,,,,
"USC00121940","CROWN POINT 1 N, IN US","41.4388","-87.3545","212.1","07",,,"2.69","3.33","4.51","8.5","6.3","2.7","1.3","3.90",,,,,,,,,,,,,,,,,,,,,,,,,,,,,,,,,,,
"USC00121940","CROWN POINT 1 N, IN US","41.4388","-87.3545","212.1","08",,,"3.22","4.65","6.61","9.0","7.2","3.5","1.7","5.12",,,,,,,,,,,,,,,,,,,,,,,,,,,,,,,,,,,
"USC00121940","CROWN POINT 1 N, IN US","41.4388","-87.3545","212.1","09",,,"1.75","2.54","4.83","7.6","5.8","2.2","1.0","3.37",,,,,,,,,,,,,,,,,,,,,,,,,,,,,,,,,,,
"USC00121940","CROWN POINT 1 N, IN US","41.4388","-87.3545","212.1","10",,,"1.76","2.41","3.62","8.8","6.7","1.9","0.8","3.06",,,,,,,,,,,,,,,,,,,,,,,,,,,,,,,,,,,
"USC00121940","CROWN POINT 1 N, IN US","41.4388","-87.3545","212.1","11",,,"1.76","2.85","4.52","8.0","5.7","1.4","0.4","3.30",,,,,,,,,,,,,,,,,,,,,,,,,,,,,,,,,,,
"USC00121940","CROWN POINT 1 N, IN US","41.4388","-87.3545","212.1","12",,,"1.78","2.51","3.22","8.1","5.4","1.6","0.4","2.66",,,,,,,,,,,,,,,,,,,,,,,,,,,,,,,,,,,
"USC00114890","LANSING, IL US","41.5422","-87.5416","189.0","01",,,,,,,,,,"1.92",,,,,,,,,,,,,,,,,,,,,,,,,,,,,,,,,,,
"USC00114890","LANSING, IL US","41.5422","-87.5416","189.0","02",,,,,,,,,,"1.80",,,,,,,,,,,,,,,,,,,,,,,,,,,,,,,,,,,
"USC00114890","LANSING, IL US","41.5422","-87.5416","189.0","03",,,,,,,,,,"2.38",,,,,,,,,,,,,,,,,,,,,,,,,,,,,,,,,,,
"USC00114890","LANSING, IL US","41.5422","-87.5416","189.0","04",,,,,,,,,,"3.99",,,,,,,,,,,,,,,,,,,,,,,,,,,,,,,,,,,
"USC00114890","LANSING, IL US","41.5422","-87.5416","189.0","05",,,,,,,,,,"3.18",,,,,,,,,,,,,,,,,,,,,,,,,,,,,,,,,,,
"USC00114890","LANSING, IL US","41.5422","-87.5416","189.0","06",,,,,,,,,,"2.94",,,,,,,,,,,,,,,,,,,,,,,,,,,,,,,,,,,
"USC00114890","LANSING, IL US","41.5422","-87.5416","189.0","07",,,,,,,,,,"4.37",,,,,,,,,,,,,,,,,,,,,,,,,,,,,,,,,,,
"USC00114890","LANSING, IL US","41.5422","-87.5416","189.0","08",,,,,,,,,,"4.23",,,,,,,,,,,,,,,,,,,,,,,,,,,,,,,,,,,
"USC00114890","LANSING, IL US","41.5422","-87.5416","189.0","09",,,,,,,,,,"3.17",,,,,,,,,,,,,,,,,,,,,,,,,,,,,,,,,,,
"USC00114890","LANSING, IL US","41.5422","-87.5416","189.0","10",,,,,,,,,,"2.99",,,,,,,,,,,,,,,,,,,,,,,,,,,,,,,,,,,
"USC00114890","LANSING, IL US","41.5422","-87.5416","189.0","11",,,,,,,,,,"3.04",,,,,,,,,,,,,,,,,,,,,,,,,,,,,,,,,,,
"USC00114890","LANSING, IL US","41.5422","-87.5416","189.0","12",,,,,,,,,,"2.57",,,,,,,,,,,,,,,,,,,,,,,,,,,,,,,,,,,
"USC00115110","LITTLE RED SCHOOL HOUSE, IL US","41.7091","-87.8761","217.9","01",,,"1.17","1.76","2.99","10.5","6.3","1.2","0.4","2.09","5.7","9.8","16.0","5.8","4.0","0.8","0.4","0.1","10.3","19.3","13.7","7.0","2.2",,,,,,,,,,,,,,,,,,,,,,
"USC00115110","LITTLE RED SCHOOL HOUSE, IL US","41.7091","-87.8761","217.9","02",,,"1.08","1.45","2.37","7.6","4.7","1.2","0.3","1.84","1.2","3.0","8.3","3.7","2.6","0.8","0.3","0.0","6.6","12.9","8.3","5.8","0.5",,,,,,,,,,,,,,,,,,,,,,
"USC00115110","LITTLE RED SCHOOL HOUSE, IL US","41.7091","-87.8761","217.9","03",,,"1.19","2.05","3.31","9.7","5.4","1.1","0.4","2.38","0.9","2.2","6.5","2.1","1.4","0.5","0.3","0.0","3.5","5.4","2.8","1.5","0.2",,,,,,,,,,,,,,,,,,,,,,
"USC00115110","LITTLE RED SCHOOL HOUSE, IL US","41.7091","-87.8761","217.9","04",,,"2.26","3.20","5.15","11.1","7.3","2.7","0.9","3.69","0.0","0.0","0.3","0.3","0.2","0.0","0.0","0.0","0.4","0.3","0.1","0.0","0.0",,,,,,,,,,,,,,,,,,,,,,
"USC00115110","LITTLE RED SCHOOL HOUSE, IL US","41.7091","-87.8761","217.9","05",,,"2.90","4.42","5.92","12.8","8.8","3.1","1.2","4.26","0.0","0.0","0.0","0.0","0.0","0.0","0.0","0.0","0.0","0.0","0.0","0.0","0.0",,,,,,,,,,,,,,,,,,,,,,
"USC00115110","LITTLE RED SCHOOL HOUSE, IL US","41.7091","-87.8761","217.9","06",,,"2.77","3.94","5.42","12.8","8.0","3.2","1.2","4.20","0.0","0.0","0.0","0.0","0.0","0.0","0.0","0.0","0.0","0.0","0.0","0.0","0.0",,,,,,,,,,,,,,,,,,,,,,
"USC00115110","LITTLE RED SCHOOL HOUSE, IL US","41.7091","-87.8761","217.9","07",,,"2.08","4.14","5.40","9.9","6.2","2.5","0.9","4.22","0.0","0.0","0.0","0.0","0.0","0.0","0.0","0.0","0.0","0.0","0.0","0.0","0.0",,,,,,,,,,,,,,,,,,,,,,
"USC00115110","LITTLE RED SCHOOL HOUSE, IL US","41.7091","-87.8761","217.9","08",,,"2.63","4.05","6.18","10.8","7.1","2.9","1.3","4.48","0.0","0.0","0.0","0.0","0.0","0.0","0.0","0.0","0.0","0.0","0.0","0.0","0.0",,,,,,,,,,,,,,,,,,,,,,
"USC00115110","LITTLE RED SCHOOL HOUSE, IL US","41.7091","-87.8761","217.9","09",,,"1.84","2.90","4.36","8.8","5.1","1.9","1.0","3.35","0.0","0.0","0.0","0.0","0.0","0.0","0.0","0.0","0.0","0.0","0.0","0.0","0.0",,,,,,,,,,,,,,,,,,,,,,
"USC00115110","LITTLE RED SCHOOL HOUSE, IL US","41.7091","-87.8761","217.9","10",,,"1.74","2.31","4.35","9.7","5.6","1.8","0.7","2.99","0.0","0.0","0.0","0.0","0.0","0.0","0.0","0.0","0.0","0.0","0.0","0.0","0.0",,,,,,,,,,,,,,,,,,,,,,
"USC00115110","LITTLE RED SCHOOL HOUSE, IL US","41.7091","-87.8761","217.9","11",,,"1.51","2.77","5.42","9.5","4.8","1.8","0.6","3.51","0.0","0.0","1.0","0.7","0.5","0.0","0.0","0.0","0.9","0.9","0.2","0.0","0.0",,,,,,,,,,,,,,,,,,,,,,
"USC00115110","LITTLE RED SCHOOL HOUSE, IL US","41.7091","-87.8761","217.9","12",,,"1.62","2.22","3.32","11.1","5.6","1.5","0.4","2.61","2.0","4.4","13.0","5.3","2.9","0.9","0.2","0.0","7.7","12.0","6.1","2.8","1.2",,,,,,,,,,,,,,,,,,,,,,
"USW00004838","CHICAGO PALWAUKEE AIRPORT, IL US","42.12083","-87.90472","193.9","01","14.2","2.1",,,,,,,,"1.63",,,,,,,,,,,,,,"23.7","5.3","61","1.4","1","0","0","0.0","0.0","16.8","30.8","4.9","2.7","96","175","29.0","309","310","310","310","16.6","5.9"
"USW00004838","CHICAGO PALWAUKEE AIRPORT, IL US","42.12083","-87.90472","193.9","02","14.8","1.9",,,,,,,,"0.95",,,,,,,,,,,,,,"27.8","5.0","88","2.3","4","0","0","0.0","0.0","11.1","35.2","5.0","1.1","47","124","24.7","275","280","280","280","20.4","5.1"
"USW00004838","CHICAGO PALWAUKEE AIRPORT, IL US","42.12083","-87.90472","193.9","03","17.2","1.9",,,,,,,,"2.25",,,,,,,,,,,,,,"37.5","3.3","196","10.0","47","13","0","0.0","0.0","2.5","46.1","3.8","0.0","2","42","20.5","277","303","309","310","28.9","3.0"
"USW00004838","CHICAGO PALWAUKEE AIRPORT, IL US","42.12083","-87.90472","193.9","04","20.3","2.2",,,,,,,,"2.97",,,,,,,,,,,,,,"47.8","3.0","282","22.0","121","54","9","0.0","0.0","0.1","57.9","3.6","0.0","0","0","7.7","190","283","297","300","37.6","2.8"
"USW00004838","CHICAGO PALWAUKEE AIRPORT, IL US","42.12083","-87.90472","193.9","05","21.6","2.4",,,,,,,,"3.69",,,,,,,,,,,,,,"58.3","3.0","310","30.5","241","142","51","0.7","0.0","0.0","69.1","3.4","0.0","0","0","0.4","51","207","285","309","47.5","3.1"
"USW00004838","CHICAGO PALWAUKEE AIRPORT, IL US","42.12083","-87.90472","193.9","06","21.2","2.7",,,,,,,,"3.71",,,,,,,,,,,,,,"68.4","2.9","300","30.0","295","248","146","2.7","0.0","0.0","79.0","3.5","0.0","0","0","0.0","1","42","182","287","57.8","2.7"
"USW00004838","CHICAGO PALWAUKEE AIRPORT, IL US","42.12083","-87.90472","193.9","07","19.6","1.7",,,,,,,,"3.62",,,,,,,,,,,,,,"73.6","2.6","310","31.0","310","303","217","4.8","0.1","0.0","83.3","3.0","0.0","0","0","0.0","0","1","87","265","63.8","2.4"
"USW00004838","CHICAGO PALWAUKEE AIRPORT, IL US","42.12083","-87.90472","193.9","08","18.4","1.8",,,,,,,,"3.66",,,,,,,,,,,,,,"72.3","2.6","310","31.0","310","302","180","3.0","0.0","0.0","81.5","3.1","0.0","0","0","0.0","0","2","91","278","63.1","2.3"
"USW00004838","CHICAGO PALWAUKEE AIRPORT, IL US","42.12083","-87.90472","193.9","09","20.0","2.2",,,,,,,,"3.21",,,,,,,,,,,,,,"64.3","2.3","300","30.0","289","209","86","0.6","0.0","0.0","74.3","3.0","0.0","0","0","0.0","7","89","229","297","54.3","2.1"
"USW00004838","CHICAGO PALWAUKEE AIRPORT, IL US","42.12083","-87.90472","193.9","10","19.1","2.2",,,,,,,,"2.94",,,,,,,,,,,,,,"52.2","2.8","308","27.4","161","71","17","0.0","0.0","0.0","61.7","3.3","0.0","0","0","3.1","122","249","300","309","42.6","2.7"
"USW00004838","CHICAGO PALWAUKEE AIRPORT, IL US","42.12083","-87.90472","193.9","11","16.1","2.5",,,,,,,,"2.89",,,,,,,,,,,,,,"40.0","3.6","228","12.7","44","6","0","0.0","0.0","2.0","48.1","4.3","0.0","0","33","15.1","244","293","300","300","32.0","3.2"
"USW00004838","CHICAGO PALWAUKEE AIRPORT, IL US","42.12083","-87.90472","193.9","12","14.2","2.7",,,,,,,,"1.83",,,,,,,,,,,,,,"28.0","5.5","89","2.6","4","1","0","0.0","0.0","11.2","35.1","5.3","0.9","62","138","26.4","301","309","310","310","20.9","6.0"
"USC00116281","OAK BROOK 2 W, IL US","41.8422","-87.973","217.9","01",,,,,,,,,,"1.91",,,,,,,,,,,,,,,,,,,,,,,,,,,,,,,,,,,
"USC00116281","OAK BROOK 2 W, IL US","41.8422","-87.973","217.9","02",,,,,,,,,,"1.88",,,,,,,,,,,,,,,,,,,,,,,,,,,,,,,,,,,
"USC00116281","OAK BROOK 2 W, IL US","41.8422","-87.973","217.9","03",,,,,,,,,,"2.44",,,,,,,,,,,,,,,,,,,,,,,,,,,,,,,,,,,
"USC00116281","OAK BROOK 2 W, IL US","41.8422","-87.973","217.9","04",,,,,,,,,,"3.52",,,,,,,,,,,,,,,,,,,,,,,,,,,,,,,,,,,
"USC00116281","OAK BROOK 2 W, IL US","41.8422","-87.973","217.9","05",,,,,,,,,,"4.07",,,,,,,,,,,,,,,,,,,,,,,,,,,,,,,,,,,
"USC00116281","OAK BROOK 2 W, IL US","41.8422","-87.973","217.9","06",,,,,,,,,,"4.03",,,,,,,,,,,,,,,,,,,,,,,,,,,,,,,,,,,
"USC00116281","OAK BROOK 2 W, IL US","41.8422","-87.973","217.9","07",,,,,,,,,,"4.27",,,,,,,,,,,,,,,,,,,,,,,,,,,,,,,,,,,
"USC00116281","OAK BROOK 2 W, IL US","41.8422","-87.973","217.9","08",,,,,,,,,,"4.38",,,,,,,,,,,,,,,,,,,,,,,,,,,,,,,,,,,
"USC00116281","OAK BROOK 2 W, IL US","41.8422","-87.973","217.9","09",,,,,,,,,,"3.40",,,,,,,,,,,,,,,,,,,,,,,,,,,,,,,,,,,
"USC00116281","OAK BROOK 2 W, IL US","41.8422","-87.973","217.9","10",,,,,,,,,,"3.22",,,,,,,,,,,,,,,,,,,,,,,,,,,,,,,,,,,
"USC00116281","OAK BROOK 2 W, IL US","41.8422","-87.973","217.9","11",,,,,,,,,,"3.33",,,,,,,,,,,,,,,,,,,,,,,,,,,,,,,,,,,
"USC00116281","OAK BROOK 2 W, IL US","41.8422","-87.973","217.9","12",,,,,,,,,,"2.37",,,,,,,,,,,,,,,,,,,,,,,,,,,,,,,,,,,
"USW00094846","CHICAGO OHARE INTERNATIONAL AIRPORT, IL US","41.995","-87.9336","201.8","01","14.5","2.1","1.12","1.45","1.96","10.5","4.7","0.9","0.1","1.73","5.0","10.2","15.5","8.2","3.7","1.1","0.3","-7777","10.8","17.1","10.2","6.0","0.9","23.8","5.6","59","1.3","1","0","0","0.0","0.0","16.1","31.0","5.1","3.8","91","173","28.0","309","310","310","310","16.5","6.2"
"USW00094846","CHICAGO OHARE INTERNATIONAL AIRPORT, IL US","41.995","-87.9336","201.8","02","15.2","1.9","0.82","1.64","2.35","8.8","4.4","0.9","0.3","1.79","2.2","7.3","15.2","5.9","2.7","0.8","0.3","0.1","9.1","12.3","7.5","5.0","0.6","27.7","5.1","88","2.6","4","1","0","0.0","0.0","10.3","35.3","5.1","1.7","56","126","24.0","276","280","280","280","20.1","5.3"
"USW00094846","CHICAGO OHARE INTERNATIONAL AIRPORT, IL US","41.995","-87.9336","201.8","03","17.5","2.0","1.49","2.39","3.54","11.1","5.5","1.5","0.4","2.50","2.0","4.1","9.0","4.2","1.7","0.6","0.1","0.0","5.6","4.3","1.9","1.2","0.2","37.9","3.3","210","10.5","49","16","1","0.0","0.0","2.9","46.6","3.8","-7777","7","46","19.6","273","303","309","310","29.2","3.1"
"USW00094846","CHICAGO OHARE INTERNATIONAL AIRPORT, IL US","41.995","-87.9336","201.8","04","20.2","2.0","2.08","2.92","4.33","12.0","6.4","2.4","0.8","3.38","0.0","0.2","1.7","0.9","0.3","0.1","-7777","0.0","1.2","0.4","0.1","-7777","0.0","48.9","2.9","287","22.9","136","57","15","0.0","0.0","-7777","59.0","3.6","0.0","-7777","2","6.3","180","271","294","300","38.8","2.5"
"USW00094846","CHICAGO OHARE INTERNATIONAL AIRPORT, IL US","41.995","-87.9336","201.8","05","21.7","2.2","2.07","3.65","4.90","11.6","7.2","2.2","0.8","3.68","0.0","0.0","0.0","-7777","0.0","0.0","0.0","0.0","-7777","0.0","0.0","0.0","0.0","59.1","3.4","309","30.4","254","152","62","0.5","0.0","0.0","70.0","3.9","0.0","0","0","0.3","52","191","279","308","48.3","3.2"
"USW00094846","CHICAGO OHARE INTERNATIONAL AIRPORT, IL US","41.995","-87.9336","201.8","06","21.6","1.9","1.97","3.12","4.50","10.2","5.9","2.4","0.9","3.45","0.0","0.0","0.0","0.0","0.0","0.0","0.0","0.0","0.0","0.0","0.0","0.0","0.0","68.9","2.7","300","30.0","294","256","158","3.0","0.1","0.0","79.7","3.0","0.0","0","0","0.0","3","41","176","284","58.1","2.8"
"USW00094846","CHICAGO OHARE INTERNATIONAL AIRPORT, IL US","41.995","-87.9336","201.8","07","20.2","1.9","2.68","3.72","4.30","9.8","6.0","2.3","1.0","3.70","0.0","0.0","0.0","0.0","0.0","0.0","0.0","0.0","0.0","0.0","0.0","0.0","0.0","74.0","2.6","310","31.0","310","301","226","5.9","0.3","0.0","84.1","3.0","0.0","0","0","0.0","0","3","81","260","63.9","2.5"
"USW00094846","CHICAGO OHARE INTERNATIONAL AIRPORT, IL US","41.995","-87.9336","201.8","08","19.0","1.5","2.48","3.92","6.61","9.8","6.7","2.8","1.5","4.90","0.0","0.0","0.0","0.0","0.0","0.0","0.0","0.0","0.0","0.0","0.0","0.0","0.0","72.4","2.9","310","31.0","310","299","191","3.6","-7777","0.0","81.9","2.9","0.0","0","0","0.0","0","6","100","271","62.9","3.2"
"USW00094846","CHICAGO OHARE INTERNATIONAL AIRPORT, IL US","41.995","-87.9336","201.8","09","20.4","2.0","1.23","2.70","3.91","8.3","5.4","2.0","0.8","3.21","0.0","0.0","0.0","0.0","0.0","0.0","0.0","0.0","0.0","0.0","0.0","0.0","0.0","64.6","2.3","300","30.0","286","211","89","1.0","0.0","0.0","74.8","2.8","0.0","0","0","0.1","13","92","220","295","54.3","2.3"
"USW00094846","CHICAGO OHARE INTERNATIONAL AIRPORT, IL US","41.995","-87.9336","201.8","10","19.5","2.3","1.70","2.54","4.20","10.2","5.9","2.1","0.6","3.15","0.0","0.0","0.0","0.2","0.1","-7777","0.0","0.0","0.2","-7777","-7777","0.0","0.0","52.5","2.9","308","27.7","178","73","15","0.0","0.0","0.0","62.3","3.1","0.0","0","1","3.5","122","243","300","309","42.8","3.0"
"USW00094846","CHICAGO OHARE INTERNATIONAL AIRPORT, IL US","41.995","-87.9336","201.8","11","15.8","2.3","1.48","2.58","4.29","10.8","6.0","2.0","0.8","3.15","0.0","0.4","1.6","1.7","0.4","-7777","0.0","0.0","1.2","0.9","0.1","0.0","0.0","40.3","3.8","222","12.9","48","8","0","0.0","0.0","2.0","48.2","4.4","0.0","1","32","14.0","241","291","300","300","32.4","3.5"
"USW00094846","CHICAGO OHARE INTERNATIONAL AIRPORT, IL US","41.995","-87.9336","201.8","12","14.0","2.0","1.20","1.88","2.74","11.0","5.0","1.2","0.3","2.25","2.1","5.8","10.5","6.9","2.5","0.7","0.3","0.0","8.2","10.0","4.9","2.2","0.7","27.7","5.6","91","2.6","6","0","0","0.0","0.0","11.4","34.8","5.5","1.5","63","131","26.0","303","308","310","310","20.7","6.0"
